epoch,time,train/box_loss,train/cls_loss,train/dfl_loss,metrics/precision(B),metrics/recall(B),metrics/mAP50(B),metrics/mAP50-95(B),val/box_loss,val/cls_loss,val/dfl_loss,lr/pg0,lr/pg1,lr/pg2
1,6.97552,4.89426,5.22524,4.63966,6e-05,0.00108,3e-05,0,4.98637,4.32256,4.16003,4.287e-05,4.287e-05,4.287e-05
2,9.92279,4.7512,5.02161,4.47926,0,0,0,0,4.98642,4.32149,4.16066,9.95349e-05,9.95349e-05,9.95349e-05
3,13.4625,4.91433,4.62571,4.41145,0,0,0,0,4.9864,4.32453,4.16137,0.000155634,0.000155634,0.000155634
4,16.915,4.88912,4.4214,4.26209,6e-05,0.00108,3e-05,0,4.98822,4.32901,4.1633,0.000211167,0.000211167,0.000211167
5,20.0367,4.82976,4.19887,4.20486,5e-05,0.00108,3e-05,0,4.9893,4.33501,4.16476,0.000266134,0.000266134,0.000266134
6,23.3786,4.70417,3.9617,4.14591,6e-05,0.00108,3e-05,0,4.99263,4.34538,4.16767,0.000320535,0.000320535,0.000320535
7,27.0599,4.74259,3.80673,4.07882,0,0,0,0,4.99529,4.36076,4.17124,0.000374371,0.000374371,0.000374371
8,30.0994,4.62831,3.6891,4.01483,0,0,0,0,4.99941,4.38615,4.17737,0.00042764,0.00042764,0.00042764
9,33.5039,4.49691,3.45242,3.95157,0,0,0,0,5.00792,4.41347,4.18655,0.000480344,0.000480344,0.000480344
10,36.7859,4.14599,3.15347,3.94991,0,0,0,0,5.01842,4.44537,4.19833,0.000532482,0.000532482,0.000532482
11,39.9802,4.05203,3.03501,3.84445,0,0,0,0,5.02656,4.47184,4.21107,0.000584054,0.000584054,0.000584054
12,42.8637,3.86733,2.91822,3.62155,0,0,0,0,5.03214,4.49305,4.22328,0.00063506,0.00063506,0.00063506
13,45.6884,3.50891,2.63234,3.55768,0,0,0,0,5.03709,4.51223,4.23349,0.0006855,0.0006855,0.0006855
14,48.5102,3.48436,2.69596,3.42266,0,0,0,0,5.03863,4.52602,4.24117,0.000735374,0.000735374,0.000735374
15,51.7066,3.33475,2.43663,3.27797,0,0,0,0,5.04851,4.56325,4.25705,0.000784682,0.000784682,0.000784682
16,54.4633,3.09376,2.31903,3.15387,0,0,0,0,5.04785,4.57401,4.26296,0.000833425,0.000833425,0.000833425
17,57.2277,3.1739,2.48146,3.12334,0,0,0,0,5.04861,4.58555,4.26927,0.000881602,0.000881602,0.000881602
18,60.3564,3.01233,2.26761,2.95706,0,0,0,0,5.04946,4.59939,4.28,0.000929212,0.000929212,0.000929212
19,63.4097,2.95814,2.28962,2.93089,0,0,0,0,5.04998,4.60664,4.28328,0.000976257,0.000976257,0.000976257
20,66.4765,2.83963,2.05229,2.7513,0.0001,0.00108,5e-05,1e-05,5.04953,4.61388,4.28581,0.00102274,0.00102274,0.00102274
21,69.2894,2.81859,2.0832,2.669,0.0001,0.00108,5e-05,1e-05,5.05211,4.47847,4.28376,0.00106865,0.00106865,0.00106865
22,72.4268,2.64531,1.99368,2.55797,0,0,0,0,5.04245,4.45089,4.26689,0.001114,0.001114,0.001114
23,75.2082,2.6583,1.95638,2.49586,0.0001,0.00108,5e-05,1e-05,5.03684,4.44861,4.26019,0.00115878,0.00115878,0.00115878
24,77.9599,2.47325,1.95055,2.51988,0.0001,0.00108,5e-05,1e-05,5.02814,4.54077,4.24886,0.00120299,0.00120299,0.00120299
25,80.7019,2.62572,1.89354,2.4379,0.0001,0.00108,5e-05,1e-05,4.99428,4.48241,4.21329,0.00124664,0.00124664,0.00124664
26,83.4403,2.30319,1.76171,2.33376,9e-05,0.00143,0.00171,0.00034,4.89454,4.32115,4.13197,0.00125216,0.00125216,0.00125216
27,86.5211,2.46661,1.78794,2.39535,0.00049,0.00751,0.00469,0.00162,4.82251,4.23006,4.07072,0.00124509,0.00124509,0.00124509
28,89.3062,2.42551,1.81593,2.30541,0.0021,0.03648,0.02649,0.00744,4.66534,4.10531,3.96416,0.00123801,0.00123801,0.00123801
29,92.1489,2.30219,1.72873,2.25954,0.99035,0.14401,0.20078,0.07295,3.94039,3.64436,3.64127,0.00123094,0.00123094,0.00123094
30,95.3682,2.29027,1.76427,2.29467,0.98084,0.21118,0.24762,0.08564,3.55146,3.26804,3.41382,0.00122387,0.00122387,0.00122387
31,98.1756,2.16254,1.62273,2.22552,0.99109,0.22389,0.34441,0.13292,3.22458,3.04013,3.21709,0.00121679,0.00121679,0.00121679
32,101.328,2.20283,1.59102,2.15135,0.81048,0.29883,0.42544,0.18078,2.91769,2.83539,3.06891,0.00120972,0.00120972,0.00120972
33,104.159,2.209,1.63228,2.23488,0.51324,0.39215,0.5015,0.20337,2.86356,2.83146,3.01628,0.00120265,0.00120265,0.00120265
34,107.454,2.21945,1.62795,2.11578,0.87995,0.48172,0.57926,0.21762,2.77249,2.62276,2.96453,0.00119557,0.00119557,0.00119557
35,110.666,2.13808,1.60532,2.10314,0.84447,0.50841,0.61293,0.25767,2.57396,2.41985,2.82556,0.0011885,0.0011885,0.0011885
36,113.714,2.26129,1.82368,2.23323,0.74478,0.48181,0.60544,0.22921,2.85311,2.58888,2.86532,0.00118143,0.00118143,0.00118143
37,116.73,2.15783,1.6749,2.15296,0.74986,0.46264,0.54507,0.17079,2.83635,2.46127,2.8064,0.00117435,0.00117435,0.00117435
38,119.516,2.05628,1.59624,2.07972,0.74957,0.58238,0.67689,0.25185,2.36879,2.23211,2.60973,0.00116728,0.00116728,0.00116728
39,122.609,2.24324,1.68063,2.06242,0.8017,0.66401,0.74317,0.31395,2.21095,2.05934,2.55423,0.00116021,0.00116021,0.00116021
40,125.704,2.1846,1.60583,2.07142,0.81602,0.67734,0.753,0.33789,2.22277,2.10976,2.53822,0.00115313,0.00115313,0.00115313
41,128.765,2.04048,1.55784,2.05146,0.88646,0.66418,0.75069,0.32467,2.38393,2.24688,2.54085,0.00114606,0.00114606,0.00114606
42,131.759,2.05403,1.60983,2.04526,0.90452,0.67152,0.76768,0.34339,2.20982,2.01132,2.42126,0.00113898,0.00113898,0.00113898
43,134.547,2.13447,1.52846,2.00422,0.78348,0.6777,0.77798,0.36934,2.00974,1.92328,2.34037,0.00113191,0.00113191,0.00113191
44,137.618,2.07393,1.60848,1.96599,0.70553,0.70495,0.77931,0.35922,1.99051,1.85077,2.32287,0.00112484,0.00112484,0.00112484
45,140.59,2.03181,1.60117,2.01345,0.76059,0.69596,0.73414,0.2502,2.24423,1.86902,2.43862,0.00111776,0.00111776,0.00111776
46,143.357,2.02449,1.54428,2.0263,0.70619,0.60849,0.57696,0.15693,2.43564,1.89478,2.49565,0.00111069,0.00111069,0.00111069
47,146.178,2.08116,1.45805,1.98246,0.82265,0.75058,0.7847,0.27723,2.06972,1.73802,2.33497,0.00110362,0.00110362,0.00110362
48,149.28,2.02974,1.56176,1.94107,0.7981,0.81446,0.84451,0.39896,1.90337,1.69503,2.24947,0.00109654,0.00109654,0.00109654
49,152.096,1.95782,1.44113,1.94422,0.75784,0.81465,0.82749,0.39172,1.89144,1.71772,2.22087,0.00108947,0.00108947,0.00108947
50,155.144,2.0021,1.40051,1.83902,0.80845,0.77615,0.81393,0.38913,1.96913,1.76467,2.21306,0.0010824,0.0010824,0.0010824
51,158.157,1.9544,1.43679,1.87656,0.85377,0.77212,0.82927,0.3924,1.97743,1.74124,2.21309,0.00107532,0.00107532,0.00107532
52,161.138,1.93536,1.45771,1.9162,0.86749,0.76778,0.8415,0.40744,1.88006,1.65777,2.17327,0.00106825,0.00106825,0.00106825
53,164.195,1.92128,1.44986,1.85451,0.8333,0.76483,0.80181,0.37887,1.86755,1.63162,2.17829,0.00106118,0.00106118,0.00106118
54,167.203,1.87055,1.37374,1.79033,0.81422,0.79471,0.79639,0.35531,1.93935,1.64013,2.1978,0.0010541,0.0010541,0.0010541
55,170.247,1.98268,1.41764,1.80585,0.81093,0.79003,0.82009,0.34856,1.93269,1.62686,2.19797,0.00104703,0.00104703,0.00104703
56,172.995,1.92149,1.46208,1.84841,0.78563,0.773,0.79523,0.32424,1.92486,1.64525,2.16923,0.00103995,0.00103995,0.00103995
57,176.007,1.83753,1.36636,1.80638,0.81561,0.74783,0.80087,0.33793,1.84977,1.58652,2.15081,0.00103288,0.00103288,0.00103288
58,178.983,1.86616,1.4353,1.85764,0.85127,0.74854,0.8169,0.35058,1.884,1.57127,2.17696,0.00102581,0.00102581,0.00102581
59,181.725,1.83942,1.33699,1.77382,0.89281,0.74432,0.86248,0.42876,1.77053,1.51486,2.09398,0.00101873,0.00101873,0.00101873
60,184.528,1.85338,1.46305,1.80563,0.9151,0.72541,0.85631,0.4549,1.69663,1.4774,2.02851,0.00101166,0.00101166,0.00101166
61,187.619,1.77396,1.37861,1.77739,0.88808,0.74951,0.8643,0.44985,1.70497,1.49829,2.02312,0.00100459,0.00100459,0.00100459
62,190.655,1.81405,1.32713,1.75816,0.88053,0.74323,0.85576,0.43816,1.74285,1.47036,1.99975,0.000997513,0.000997513,0.000997513
63,193.41,1.7407,1.3198,1.7214,0.86164,0.77576,0.85579,0.45033,1.67341,1.43412,1.9569,0.00099044,0.00099044,0.00099044
64,196.458,1.90992,1.28231,1.69854,0.79348,0.76007,0.80712,0.39365,1.77367,1.53186,1.9591,0.000983366,0.000983366,0.000983366
65,199.462,1.73801,1.28837,1.69172,0.78047,0.76785,0.80581,0.40332,1.72455,1.58307,1.93378,0.000976293,0.000976293,0.000976293
66,202.494,1.83788,1.33067,1.69732,0.83026,0.81435,0.83257,0.43204,1.6739,1.59088,1.93212,0.000969219,0.000969219,0.000969219
67,205.515,1.727,1.35087,1.69944,0.87901,0.80219,0.86071,0.46087,1.6732,1.53437,1.90517,0.000962146,0.000962146,0.000962146
68,208.546,1.72794,1.26853,1.63985,0.87781,0.77251,0.86485,0.4587,1.62262,1.48996,1.88984,0.000955072,0.000955072,0.000955072
69,211.563,1.74094,1.26662,1.68521,0.84866,0.76045,0.83717,0.40267,1.66919,1.44164,1.93524,0.000947999,0.000947999,0.000947999
70,214.609,1.75068,1.21624,1.64423,0.91245,0.79941,0.8895,0.44498,1.60596,1.34375,1.91759,0.000940925,0.000940925,0.000940925
71,217.635,1.72954,1.30085,1.68964,0.89713,0.8116,0.88399,0.4587,1.60332,1.33354,1.90764,0.000933851,0.000933851,0.000933851
72,220.419,1.72452,1.22103,1.63975,0.90048,0.80474,0.88547,0.46983,1.61943,1.29417,1.87288,0.000926778,0.000926778,0.000926778
73,223.239,1.77538,1.30306,1.6697,0.8745,0.82085,0.85662,0.44013,1.62143,1.4069,1.87187,0.000919704,0.000919704,0.000919704
74,225.98,1.75005,1.23543,1.62367,0.83272,0.8473,0.84355,0.43998,1.60611,1.38867,1.84549,0.000912631,0.000912631,0.000912631
75,228.764,1.67713,1.15499,1.52687,0.88545,0.78036,0.85823,0.46385,1.66155,1.45873,1.85012,0.000905557,0.000905557,0.000905557
76,231.817,1.69321,1.20432,1.60968,0.87895,0.78481,0.86991,0.45892,1.68824,1.44867,1.85457,0.000898484,0.000898484,0.000898484
77,234.863,1.67862,1.15219,1.55534,0.92074,0.78264,0.87632,0.45442,1.67634,1.39589,1.85661,0.00089141,0.00089141,0.00089141
78,237.888,1.65637,1.17812,1.57082,0.88858,0.77969,0.88382,0.46971,1.61247,1.34349,1.84009,0.000884337,0.000884337,0.000884337
79,240.888,1.6495,1.20081,1.60535,0.84591,0.78764,0.8722,0.43914,1.60563,1.27572,1.84226,0.000877263,0.000877263,0.000877263
80,243.9,1.65218,1.16569,1.57851,0.83212,0.80077,0.84123,0.38868,1.65674,1.28665,1.88389,0.00087019,0.00087019,0.00087019
81,246.62,1.5399,1.16942,1.58525,0.82464,0.80399,0.79574,0.3683,1.67424,1.36457,1.87587,0.000863116,0.000863116,0.000863116
82,249.348,1.6642,1.29767,1.63855,0.80048,0.81899,0.80126,0.37577,1.69814,1.40873,1.84229,0.000856042,0.000856042,0.000856042
83,252.097,1.69553,1.23167,1.60006,0.85746,0.81764,0.87894,0.48255,1.51936,1.41591,1.75846,0.000848969,0.000848969,0.000848969
84,255.198,1.62744,1.16254,1.54799,0.88083,0.81263,0.88516,0.50151,1.49013,1.38204,1.74713,0.000841895,0.000841895,0.000841895
85,258.425,1.6511,1.06534,1.49104,0.88491,0.79994,0.87759,0.48807,1.58252,1.40851,1.76731,0.000834822,0.000834822,0.000834822
86,261.758,1.72463,1.38021,1.64501,0.8867,0.78702,0.87123,0.48237,1.5575,1.41167,1.75332,0.000827748,0.000827748,0.000827748
87,264.952,1.61797,1.16871,1.52349,0.88196,0.80332,0.87176,0.47498,1.53573,1.33847,1.74289,0.000820675,0.000820675,0.000820675
88,268.203,1.67432,1.1874,1.53539,0.9139,0.79658,0.87986,0.48522,1.52707,1.30116,1.72909,0.000813601,0.000813601,0.000813601
89,271.285,1.6483,1.1442,1.56549,0.89043,0.84088,0.90384,0.50146,1.50623,1.29075,1.73128,0.000806528,0.000806528,0.000806528
90,274.046,1.60275,1.17151,1.53425,0.93395,0.83141,0.91339,0.5031,1.48854,1.19833,1.7111,0.000799454,0.000799454,0.000799454
91,276.876,1.65472,1.15207,1.5157,0.89395,0.86029,0.90654,0.49105,1.51096,1.32687,1.72117,0.00079238,0.00079238,0.00079238
92,279.647,1.62844,1.15089,1.51372,0.9017,0.86188,0.91609,0.52044,1.50891,1.29614,1.72402,0.000785307,0.000785307,0.000785307
93,282.789,1.56818,1.11957,1.52396,0.92018,0.84396,0.91843,0.5315,1.52365,1.21085,1.72589,0.000778233,0.000778233,0.000778233
94,285.827,1.5809,1.14228,1.4679,0.94109,0.82202,0.9166,0.53536,1.48693,1.20487,1.70136,0.00077116,0.00077116,0.00077116
95,288.686,1.59356,1.08235,1.4731,0.89885,0.87189,0.92102,0.52816,1.42651,1.17698,1.68336,0.000764086,0.000764086,0.000764086
96,291.86,1.62864,1.11408,1.45455,0.88427,0.87045,0.91981,0.5263,1.44877,1.16823,1.69889,0.000757013,0.000757013,0.000757013
97,294.98,1.56909,1.14451,1.49247,0.89745,0.85135,0.91155,0.50857,1.52847,1.25524,1.73068,0.000749939,0.000749939,0.000749939
98,298.279,1.51084,1.05588,1.46283,0.91658,0.85534,0.92158,0.53006,1.47016,1.24368,1.70423,0.000742866,0.000742866,0.000742866
99,301.384,1.55804,1.11128,1.46685,0.90369,0.88301,0.93041,0.52833,1.43946,1.13921,1.67206,0.000735792,0.000735792,0.000735792
100,304.423,1.61373,1.06222,1.44286,0.91599,0.86728,0.92503,0.53744,1.4391,1.14803,1.65873,0.000728719,0.000728719,0.000728719
101,307.491,1.54806,1.05136,1.44662,0.89222,0.86495,0.92117,0.53899,1.44408,1.19477,1.64805,0.000721645,0.000721645,0.000721645
102,310.256,1.55804,1.07256,1.47304,0.88906,0.88415,0.92181,0.52264,1.447,1.18094,1.64304,0.000714571,0.000714571,0.000714571
103,313.024,1.57573,1.02889,1.42834,0.88659,0.89468,0.92656,0.52732,1.39982,1.14701,1.61299,0.000707498,0.000707498,0.000707498
104,316.045,1.58448,1.05971,1.4387,0.90923,0.88645,0.93102,0.53613,1.38237,1.09456,1.60357,0.000700424,0.000700424,0.000700424
105,319.078,1.6163,1.07635,1.45127,0.92137,0.87803,0.93341,0.55982,1.36026,1.07748,1.60909,0.000693351,0.000693351,0.000693351
106,322.167,1.45102,1.00181,1.40438,0.91781,0.88448,0.9376,0.55723,1.39472,1.09512,1.63205,0.000686277,0.000686277,0.000686277
107,325.167,1.51631,1.0482,1.44951,0.93747,0.88124,0.93886,0.54171,1.39971,1.097,1.63152,0.000679204,0.000679204,0.000679204
108,327.908,1.47517,1.01662,1.43113,0.92424,0.89459,0.93918,0.54525,1.37438,1.07356,1.60938,0.00067213,0.00067213,0.00067213
109,330.911,1.53515,1.06345,1.43057,0.9214,0.89495,0.93561,0.5489,1.3778,1.07932,1.60216,0.000665057,0.000665057,0.000665057
110,333.936,1.52571,1.09284,1.44389,0.90837,0.89629,0.93548,0.55881,1.40225,1.08942,1.6152,0.000657983,0.000657983,0.000657983
111,336.918,1.52163,1.1269,1.40312,0.91367,0.89614,0.93828,0.57248,1.38724,1.1068,1.62087,0.000650909,0.000650909,0.000650909
112,339.942,1.54311,1.08792,1.4199,0.92278,0.90031,0.94053,0.56792,1.41385,1.13851,1.64811,0.000643836,0.000643836,0.000643836
113,343.013,1.46412,1.05191,1.41213,0.93616,0.88188,0.93606,0.5585,1.42317,1.12593,1.64317,0.000636762,0.000636762,0.000636762
114,346.072,1.52299,1.04383,1.40943,0.93253,0.8813,0.93384,0.56185,1.36188,1.07116,1.6008,0.000629689,0.000629689,0.000629689
115,348.857,1.45327,1.01857,1.39457,0.9169,0.91042,0.94224,0.55547,1.34438,1.0187,1.57677,0.000622615,0.000622615,0.000622615
116,351.929,1.47643,0.97453,1.35994,0.89739,0.92354,0.93754,0.55013,1.39857,1.06031,1.58906,0.000615542,0.000615542,0.000615542
117,354.966,1.51743,1.00137,1.40836,0.90088,0.91673,0.93717,0.55279,1.42009,1.10785,1.59452,0.000608468,0.000608468,0.000608468
118,358.033,1.50505,1.01202,1.39527,0.9115,0.89988,0.93812,0.55045,1.41773,1.09031,1.58581,0.000601395,0.000601395,0.000601395
119,360.776,1.47737,1.07552,1.43013,0.94417,0.88087,0.94026,0.54642,1.39774,1.0553,1.58373,0.000594321,0.000594321,0.000594321
120,363.523,1.49653,1.06628,1.43807,0.94863,0.87764,0.94338,0.57216,1.34005,1.04294,1.56866,0.000587248,0.000587248,0.000587248
121,366.536,1.49913,1.05898,1.40704,0.89482,0.91524,0.94496,0.56955,1.35696,1.05775,1.58822,0.000580174,0.000580174,0.000580174
122,369.49,1.51064,1.05269,1.4385,0.94633,0.87214,0.94883,0.56788,1.36881,1.04527,1.58188,0.0005731,0.0005731,0.0005731
123,372.488,1.45826,0.98989,1.36359,0.93172,0.86342,0.94641,0.58876,1.3531,1.00388,1.55826,0.000566027,0.000566027,0.000566027
124,375.534,1.48427,0.98622,1.36231,0.95575,0.87252,0.94322,0.56935,1.35652,1.00381,1.54308,0.000558953,0.000558953,0.000558953
125,378.491,1.47696,1.02029,1.40767,0.94736,0.87884,0.9412,0.55168,1.36328,1.02034,1.53889,0.00055188,0.00055188,0.00055188
126,381.477,1.44156,0.99999,1.3955,0.95619,0.88094,0.94297,0.56227,1.34205,1.01917,1.53834,0.000544806,0.000544806,0.000544806
127,384.471,1.49962,0.99951,1.36788,0.94388,0.89399,0.94145,0.57068,1.33987,1.03929,1.54815,0.000537733,0.000537733,0.000537733
128,387.448,1.46428,1.01194,1.33927,0.94798,0.89984,0.9434,0.57735,1.35668,1.06325,1.56031,0.000530659,0.000530659,0.000530659
129,390.421,1.4235,0.99188,1.35888,0.94148,0.91028,0.9453,0.57784,1.32687,1.07121,1.55321,0.000523586,0.000523586,0.000523586
130,393.381,1.4556,1.02635,1.37799,0.94176,0.91197,0.94755,0.58389,1.308,1.05954,1.53688,0.000516512,0.000516512,0.000516512
131,396.333,1.47331,1.01638,1.38263,0.93972,0.88507,0.94555,0.55639,1.33606,1.07011,1.53883,0.000509438,0.000509438,0.000509438
132,399.317,1.42782,0.97263,1.35802,0.94232,0.87823,0.94558,0.57492,1.33002,1.05835,1.52783,0.000502365,0.000502365,0.000502365
133,402.052,1.44511,1.02678,1.38618,0.93161,0.89856,0.94725,0.58314,1.30221,1.05622,1.50866,0.000495291,0.000495291,0.000495291
134,405.099,1.41319,0.9569,1.32411,0.92043,0.90684,0.94671,0.57901,1.30812,1.06381,1.50486,0.000488218,0.000488218,0.000488218
135,407.851,1.41968,0.95766,1.36541,0.92796,0.90545,0.94682,0.58781,1.29809,1.0391,1.49753,0.000481144,0.000481144,0.000481144
136,410.853,1.37469,0.92214,1.3168,0.93036,0.90243,0.94648,0.5935,1.28721,1.03421,1.49685,0.000474071,0.000474071,0.000474071
137,413.623,1.40189,0.99914,1.37093,0.93865,0.90401,0.94899,0.59232,1.27311,1.01063,1.49883,0.000466997,0.000466997,0.000466997
138,416.358,1.36245,0.93387,1.33365,0.93829,0.90585,0.95067,0.58571,1.27519,0.99201,1.49902,0.000459924,0.000459924,0.000459924
139,419.075,1.43632,0.97323,1.36354,0.93819,0.91458,0.94729,0.56697,1.29242,0.98955,1.49752,0.00045285,0.00045285,0.00045285
140,421.804,1.4142,0.95896,1.35723,0.93953,0.90163,0.94493,0.56356,1.30221,1.01857,1.49891,0.000445777,0.000445777,0.000445777
141,424.542,1.41146,0.97491,1.33816,0.94549,0.89666,0.94356,0.58916,1.26462,1.0083,1.48233,0.000438703,0.000438703,0.000438703
142,427.56,1.40945,0.94115,1.30508,0.94156,0.91524,0.94614,0.59465,1.24329,0.98115,1.47054,0.000431629,0.000431629,0.000431629
143,430.617,1.38188,0.93936,1.33502,0.94747,0.9183,0.95355,0.59027,1.24708,0.96064,1.46868,0.000424556,0.000424556,0.000424556
144,433.602,1.38262,0.90244,1.29566,0.94113,0.91378,0.956,0.59796,1.2493,0.97322,1.46781,0.000417482,0.000417482,0.000417482
145,436.647,1.44688,0.92113,1.3065,0.95486,0.90241,0.95593,0.60183,1.24265,0.98345,1.46866,0.000410409,0.000410409,0.000410409
146,439.414,1.4155,0.97715,1.32306,0.95972,0.90721,0.95722,0.59393,1.25479,0.99746,1.47085,0.000403335,0.000403335,0.000403335
147,442.402,1.36902,0.92181,1.31668,0.95505,0.91762,0.95563,0.58446,1.27107,0.95074,1.47975,0.000396262,0.000396262,0.000396262
148,445.171,1.41209,0.90839,1.29023,0.96009,0.90634,0.95693,0.59372,1.2824,0.92899,1.48285,0.000389188,0.000389188,0.000389188
149,448.186,1.41537,0.88748,1.29216,0.94373,0.90667,0.95433,0.60066,1.25771,0.93275,1.47884,0.000382115,0.000382115,0.000382115
150,450.933,1.39998,0.91429,1.33664,0.93326,0.9074,0.95157,0.59889,1.25772,0.97518,1.47052,0.000375041,0.000375041,0.000375041
151,453.957,1.38745,0.92549,1.32343,0.94095,0.91355,0.9524,0.59104,1.26681,0.97374,1.46595,0.000367967,0.000367967,0.000367967
152,456.948,1.35221,0.92196,1.29226,0.94357,0.91899,0.95689,0.60127,1.25139,0.94842,1.45751,0.000360894,0.000360894,0.000360894
153,459.939,1.42995,0.98899,1.33323,0.93947,0.92388,0.95973,0.60552,1.23586,0.94136,1.45068,0.00035382,0.00035382,0.00035382
154,462.956,1.46047,0.96476,1.32061,0.95404,0.91201,0.95961,0.60441,1.24,0.94174,1.45477,0.000346747,0.000346747,0.000346747
155,465.686,1.35313,0.88608,1.27178,0.95235,0.915,0.95836,0.59523,1.27672,0.94077,1.46808,0.000339673,0.000339673,0.000339673
156,468.404,1.39625,0.93025,1.32858,0.95151,0.92457,0.95979,0.60065,1.28285,0.94518,1.47132,0.0003326,0.0003326,0.0003326
157,471.173,1.33884,0.89851,1.27969,0.95206,0.92968,0.96429,0.60276,1.25531,0.94329,1.46152,0.000325526,0.000325526,0.000325526
158,473.971,1.42915,0.90716,1.27391,0.95148,0.9278,0.96492,0.60269,1.25201,0.9433,1.46095,0.000318453,0.000318453,0.000318453
159,476.703,1.38022,0.94947,1.34511,0.94633,0.93241,0.96407,0.6043,1.23575,0.92668,1.45216,0.000311379,0.000311379,0.000311379
160,479.469,1.38657,0.88261,1.28095,0.93863,0.93275,0.96198,0.60893,1.23163,0.91173,1.44395,0.000304306,0.000304306,0.000304306
161,482.253,1.36924,0.90385,1.26756,0.94564,0.92394,0.96169,0.60996,1.2279,0.90966,1.44131,0.000297232,0.000297232,0.000297232
162,485.021,1.32429,0.8855,1.27797,0.94458,0.93103,0.96216,0.61927,1.21461,0.89756,1.43765,0.000290158,0.000290158,0.000290158
163,488.067,1.36585,0.93303,1.27021,0.94811,0.93141,0.96321,0.61611,1.23339,0.8987,1.44194,0.000283085,0.000283085,0.000283085
164,491.064,1.37975,0.90876,1.27777,0.95826,0.93068,0.96287,0.60584,1.24559,0.90301,1.4428,0.000276011,0.000276011,0.000276011
165,494.056,1.36827,0.89618,1.25831,0.95892,0.92415,0.96203,0.61284,1.22565,0.89042,1.43694,0.000268938,0.000268938,0.000268938
166,497.067,1.33658,0.91919,1.31608,0.94973,0.9248,0.96278,0.6186,1.20699,0.88305,1.42417,0.000261864,0.000261864,0.000261864
167,499.788,1.31129,0.86035,1.25015,0.95399,0.92563,0.96349,0.61425,1.2021,0.86886,1.41205,0.000254791,0.000254791,0.000254791
168,502.778,1.34167,0.87359,1.26359,0.9584,0.92344,0.96316,0.61264,1.21396,0.87251,1.40897,0.000247717,0.000247717,0.000247717
169,505.744,1.3384,0.87433,1.27579,0.95945,0.92458,0.96385,0.6141,1.22168,0.87664,1.40983,0.000240644,0.000240644,0.000240644
170,508.448,1.34182,0.87541,1.25347,0.95574,0.92875,0.96469,0.62495,1.21639,0.87391,1.40762,0.00023357,0.00023357,0.00023357
171,511.468,1.34163,0.86633,1.25282,0.95716,0.93175,0.96491,0.62256,1.2157,0.87337,1.4069,0.000226497,0.000226497,0.000226497
172,514.422,1.34963,0.90498,1.23889,0.96192,0.93028,0.96617,0.61889,1.22179,0.88168,1.41271,0.000219423,0.000219423,0.000219423
173,517.447,1.33825,0.86191,1.26615,0.95289,0.93754,0.96572,0.61784,1.19797,0.8738,1.40615,0.000212349,0.000212349,0.000212349
174,520.16,1.32066,0.87866,1.29298,0.95619,0.93366,0.96243,0.62341,1.17977,0.87407,1.4028,0.000205276,0.000205276,0.000205276
175,523.174,1.33703,0.86312,1.26579,0.94515,0.93598,0.96149,0.61878,1.18847,0.87556,1.40605,0.000198202,0.000198202,0.000198202
176,526.168,1.33746,0.85782,1.27345,0.95346,0.92215,0.96191,0.62259,1.19003,0.87675,1.4088,0.000191129,0.000191129,0.000191129
177,528.893,1.31559,0.86315,1.26419,0.95873,0.92152,0.96263,0.62614,1.18622,0.87823,1.40606,0.000184055,0.000184055,0.000184055
178,531.673,1.33012,0.87864,1.27124,0.95826,0.91706,0.96355,0.62976,1.18658,0.87747,1.40559,0.000176982,0.000176982,0.000176982
179,534.738,1.30526,0.83686,1.24023,0.95772,0.92327,0.96515,0.62547,1.18609,0.865,1.39909,0.000169908,0.000169908,0.000169908
180,537.782,1.31275,0.84921,1.23162,0.95698,0.93032,0.96616,0.62229,1.18342,0.86512,1.3943,0.000162835,0.000162835,0.000162835
181,540.783,1.34447,0.86462,1.26232,0.95895,0.93121,0.96585,0.62354,1.18318,0.86356,1.39069,0.000155761,0.000155761,0.000155761
182,543.789,1.34446,0.87151,1.2543,0.95786,0.93259,0.96839,0.62964,1.17236,0.85432,1.38497,0.000148687,0.000148687,0.000148687
183,546.73,1.33439,0.85797,1.2455,0.9561,0.93264,0.96969,0.63371,1.17158,0.8479,1.3848,0.000141614,0.000141614,0.000141614
184,549.744,1.31426,0.83291,1.24096,0.96046,0.92728,0.97021,0.62992,1.176,0.83822,1.38806,0.00013454,0.00013454,0.00013454
185,552.698,1.2763,0.84599,1.26017,0.96361,0.93003,0.9711,0.62203,1.18539,0.83091,1.39239,0.000127467,0.000127467,0.000127467
186,555.668,1.33095,0.88755,1.25089,0.96666,0.92673,0.97072,0.61984,1.19053,0.82946,1.39654,0.000120393,0.000120393,0.000120393
187,558.624,1.34031,0.86652,1.26152,0.96607,0.92529,0.97049,0.62754,1.18262,0.82617,1.39499,0.00011332,0.00011332,0.00011332
188,561.619,1.32606,0.85752,1.22295,0.96369,0.92234,0.96986,0.63569,1.17022,0.82646,1.39168,0.000106246,0.000106246,0.000106246
189,564.631,1.33306,0.88057,1.3031,0.95793,0.92231,0.96988,0.64033,1.16198,0.82664,1.39176,9.91726e-05,9.91726e-05,9.91726e-05
190,567.634,1.30195,0.86896,1.2563,0.95137,0.93748,0.97143,0.64167,1.15494,0.82501,1.38827,9.20991e-05,9.20991e-05,9.20991e-05
191,573.845,1.34918,0.99364,1.32167,0.95723,0.9407,0.9724,0.64012,1.14998,0.83172,1.38556,8.50255e-05,8.50255e-05,8.50255e-05
192,576.64,1.29926,0.9699,1.24369,0.95859,0.93943,0.97068,0.64205,1.15366,0.84823,1.38601,7.7952e-05,7.7952e-05,7.7952e-05
193,579.425,1.2808,0.91977,1.25662,0.95587,0.93865,0.9697,0.63593,1.16301,0.87024,1.38754,7.08784e-05,7.08784e-05,7.08784e-05
194,582.136,1.24857,0.89249,1.24682,0.95356,0.93746,0.97085,0.63431,1.16913,0.89107,1.38901,6.38049e-05,6.38049e-05,6.38049e-05
195,584.858,1.28154,0.90346,1.24934,0.95216,0.93784,0.97046,0.63061,1.16882,0.89502,1.38697,5.67313e-05,5.67313e-05,5.67313e-05
196,587.572,1.28188,0.89143,1.26612,0.95463,0.93677,0.97058,0.63008,1.16807,0.89381,1.38362,4.96578e-05,4.96578e-05,4.96578e-05
197,590.335,1.26641,0.89959,1.28387,0.95909,0.93332,0.97056,0.63381,1.16451,0.8836,1.37997,4.25842e-05,4.25842e-05,4.25842e-05
198,593.073,1.27917,0.90543,1.28343,0.95995,0.93211,0.97047,0.63828,1.1629,0.86914,1.37598,3.55107e-05,3.55107e-05,3.55107e-05
199,595.8,1.25872,0.90455,1.2576,0.96408,0.93282,0.97164,0.63856,1.15845,0.85911,1.37228,2.84371e-05,2.84371e-05,2.84371e-05
200,598.509,1.24597,0.90442,1.27573,0.96296,0.93282,0.97197,0.63866,1.15587,0.84993,1.36849,2.13636e-05,2.13636e-05,2.13636e-05
